<?xml version="1.0" encoding="UTF-8"?>
<metadata xml:lang="zh"><Esri><CreaDate>20220705</CreaDate><CreaTime>23334600</CreaTime><ArcGISFormat>1.0</ArcGISFormat><SyncOnce>TRUE</SyncOnce><DataProperties><lineage><Process ToolSource="e:\arcgis\desktop10.7\ArcToolbox\Toolboxes\Conversion Tools.tbx\RasterToPolygon" Date="20220705" Time="233346">RasterToPolygon C:\Users\DELL\Documents\ArcGIS\Default.gdb\Extract_Extr3 C:\Users\DELL\Desktop\xibei_shp\2006.shp SIMPLIFY Value SINGLE_OUTER_PART #</Process></lineage></DataProperties></Esri></metadata>
